ts,frame
-9223372036854775808,1
3286970222,2
3287036876,3
3287103531,4
3287170184,5
3287236838,6
3287303492,7
3287370147,8
3287436802,9
3287503455,10
3287570109,11
3287636763,12
3287703418,13
3287770073,14
3287836726,15
3287903380,16
3287970034,17
3288036688,18
3288103343,19
3288169997,20
3288236653,21
3288303306,22
3288369960,23
3288436614,24
3288503268,25
3288569923,26
3288636577,27
3288703231,28
3288769885,29
3288836539,30
3288903193,31
3288969848,32
3289036503,33
3289103156,34
3289169810,35
3289236465,36
3289303119,37
3289369774,38
3289436427,39
3289503081,40
3289569736,41
3289636390,42
3289703044,43
3289769698,44
3289836353,45
3289903007,46
3289969661,47
3290036315,48
3290102970,49
3290169625,50
3290236278,51
3290302932,52
3290369586,53
3290436240,54
3290502895,55
3290569549,56
3290636204,57
3290702857,58
3290769512,59
3290836166,60
3290902820,61
3290969476,62
3291036128,63
3291102783,64
3291169437,65
3291236091,66
3291302747,67
3291369400,68
3291436054,69
3291502708,70
3291569362,71
3291636017,72
3291702671,73
3291769327,74
3291835979,75
3291902633,76
3291969287,77
3292035942,78
3292102597,79
3292169250,80
3292235904,81
3292302559,82
3292369213,83
3292435867,84
3292502521,85
3292569177,86
3292635830,87
3292702484,88
3292769138,89
3292835792,90
3292902446,91
3292969103,92
3293035755,93
3293102409,94
3293169064,95
3293235718,96
3293302372,97
3293369027,98
3293435680,99
3293502334,100
3293568989,101
3293635643,102
3293702299,103
3293768951,104
3293835605,105
3293902260,106
3293968914,107
3294035569,108
3294102222,109
3294168877,110
3294235531,111
3294302185,112
3294368839,113
3294435493,114
3294502149,115
3294568802,116
3294635456,117
3294702110,118
3294768765,119
3294835420,120
3294902073,121
3294968727,122
3295035382,123
3295102036,124
3295168690,125
3295235344,126
3295302000,127
3295368652,128
3295435307,129
3295501961,130
3295568615,131
3295635271,132
3295701924,133
3295768578,134
3295835232,135
3295901886,136
3295968541,137
3296035195,138
3296101850,139
3296168503,140
3296235157,141
3296301812,142
3296368466,143
3296435121,144
3296501774,145
3296568428,146
3296635083,147
3296701737,148
3296768392,149
3296835045,150
3296901699,151
3296968354,152
3297035008,153
3297101662,154
3297168316,155
3297234972,156
3297301625,157
3297368279,158
3297434933,159
3297501588,160
3297568242,161
3297634896,162
3297701550,163
3297768204,164
3297834859,165
3297901513,166
3297968167,167
3298034822,168
3298101476,169
3298168130,170
3298234784,171
3298301438,172
3298368094,173
3298434746,174
3298501400,175
3298568055,176
3298634709,177
3298701364,178
3298768018,179
3298834674,180
3298901326,181
3298967980,182
3299034634,183
3299101289,184
3299167945,185
3299234597,186
3299301251,187
3299367906,188
3299434560,189
3299501215,190
3299567868,191
3299634522,192
3299701176,193
3299767831,194
3299834485,195
3299901139,196
3299967795,197
3300034448,198
3300101102,199
3300167756,200
3300234410,201
3300301066,202
3300367719,203
3300434373,204
3300501027,205
3300567682,206
3300634336,207
3300700990,208
3300767646,209
3300834298,210
3300900953,211
3300967607,212
3301034261,213
3301100917,214
3301167569,215
3301234224,216
3301300878,217
3301367532,218
3301434186,219
3301500840,220
3301567496,221
3301634149,222
3301700803,223
3301767457,224
3301834111,225
3301900768,226
3301967420,227
3302034074,228
3302100728,229
3302167383,230
3302234037,231
3302300691,232
3302367347,233
3302434000,234
3302500654,235
3302567308,236
3302633962,237
3302700616,238
3302767271,239
3302833925,240
3302900579,241
